{"memory_persistence": 12.417438507080078, "integration": 1.0, "metacog_acc": 1.0, "metacog_conf": 0.8504439669025021}