{"memory_persistence": 11.934470176696777, "integration": 1.0, "metacog_acc": 1.0, "metacog_conf": 0.8351476699501518}