{"memory_persistence": 12.154558181762695, "integration": 1.0, "metacog_acc": 1.0, "metacog_conf": 0.8559799436317256}