{"memory_persistence": 13.485323905944824, "integration": 1.0, "metacog_acc": 1.0, "metacog_conf": 0.8482226563411622}