{"memory_persistence": 12.88897705078125, "integration": 1.0, "metacog_acc": 1.0, "metacog_conf": 0.8585815230152374}