{"t": [0, 10, 20, 30, 40, 50, 60, 70, 80, 90, 100, 110, 120, 130, 140, 150, 160, 170, 180, 190, 200, 210, 220, 230, 240, 250, 260, 270, 280, 290, 300, 310, 320, 330, 340, 350, 360, 370, 380, 390, 400, 410, 420, 430, 440, 450, 460, 470, 480, 490, 500, 510, 520, 530, 540, 550, 560, 570, 580, 590, 600, 610, 620, 630, 640, 650, 660, 670, 680, 690, 700, 710, 720, 730, 740, 750, 760, 770, 780, 790, 800, 810, 820, 830, 840, 850, 860, 870, 880, 890, 900, 910, 920, 930, 940, 950, 960, 970, 980, 990, 1000, 1010, 1020, 1030, 1040, 1050, 1060, 1070, 1080, 1090, 1100, 1110, 1120, 1130, 1140, 1150, 1160, 1170, 1180, 1190, 1200, 1210, 1220, 1230, 1240, 1250, 1260, 1270, 1280, 1290, 1300, 1310, 1320, 1330, 1340, 1350, 1360, 1370, 1380, 1390, 1400, 1410, 1420, 1430, 1440, 1450, 1460, 1470, 1480, 1490, 1500, 1510, 1520, 1530, 1540, 1550, 1560, 1570, 1580, 1590, 1600, 1610, 1620, 1630, 1640, 1650, 1660, 1670, 1680, 1690, 1700, 1710, 1720, 1730, 1740, 1750, 1760, 1770, 1780, 1790, 1800, 1810, 1820, 1830, 1840, 1850, 1860, 1870, 1880, 1890, 1900, 1910, 1920, 1930, 1940, 1950, 1960, 1970, 1980, 1990], "sync": [0.517578125, 0.5185546875, 0.5078125, 0.509765625, 0.5078125, 0.513671875, 0.5205078125, 0.5087890625, 0.5009765625, 0.5263671875, 0.505859375, 0.5078125, 0.5009765625, 0.5302734375, 0.515625, 0.5029296875, 0.50390625, 0.5029296875, 0.51953125, 0.533203125, 0.5283203125, 0.5048828125, 0.5087890625, 0.5087890625, 0.5283203125, 0.533203125, 0.5078125, 0.51171875, 0.5126953125, 0.5009765625, 0.513671875, 0.521484375, 0.515625, 0.51953125, 0.537109375, 0.5107421875, 0.509765625, 0.50390625, 0.505859375, 0.505859375, 0.517578125, 0.53125, 0.5087890625, 0.5, 0.5244140625, 0.5166015625, 0.5087890625, 0.5068359375, 0.5126953125, 0.5234375, 0.5107421875, 0.509765625, 0.5146484375, 0.50390625, 0.5068359375, 0.5146484375, 0.509765625, 0.5146484375, 0.51171875, 0.5009765625, 0.521484375, 0.5146484375, 0.515625, 0.5078125, 0.5, 0.5068359375, 0.51171875, 0.5068359375, 0.5029296875, 0.5146484375, 0.5048828125, 0.509765625, 0.5263671875, 0.5107421875, 0.505859375, 0.5029296875, 0.5205078125, 0.5224609375, 0.5322265625, 0.5048828125, 0.5029296875, 0.5244140625, 0.5087890625, 0.501953125, 0.513671875, 0.5205078125, 0.5146484375, 0.5, 0.513671875, 0.5029296875, 0.5, 0.5185546875, 0.50390625, 0.5029296875, 0.505859375, 0.513671875, 0.5126953125, 0.513671875, 0.5166015625, 0.5087890625, 0.50390625, 0.5009765625, 0.51953125, 0.5068359375, 0.509765625, 0.5302734375, 0.5205078125, 0.5087890625, 0.5087890625, 0.521484375, 0.5126953125, 0.509765625, 0.5048828125, 0.509765625, 0.5078125, 0.50390625, 0.5, 0.5078125, 0.50390625, 0.52734375, 0.5048828125, 0.51953125, 0.5322265625, 0.50390625, 0.52734375, 0.5078125, 0.501953125, 0.5048828125, 0.517578125, 0.51171875, 0.5361328125, 0.5185546875, 0.5078125, 0.5048828125, 0.5107421875, 0.50390625, 0.513671875, 0.5166015625, 0.505859375, 0.5244140625, 0.5126953125, 0.501953125, 0.50390625, 0.501953125, 0.5380859375, 0.5068359375, 0.513671875, 0.5244140625, 0.505859375, 0.5322265625, 0.5029296875, 0.5068359375, 0.5068359375, 0.5244140625, 0.513671875, 0.513671875, 0.51953125, 0.5078125, 0.5205078125, 0.509765625, 0.5068359375, 0.513671875, 0.51953125, 0.5, 0.5107421875, 0.5087890625, 0.5263671875, 0.521484375, 0.515625, 0.50390625, 0.521484375, 0.505859375, 0.513671875, 0.5205078125, 0.517578125, 0.513671875, 0.509765625, 0.51171875, 0.5205078125, 0.5107421875, 0.513671875, 0.5126953125, 0.505859375, 0.51171875, 0.501953125, 0.50390625, 0.5263671875, 0.515625, 0.501953125, 0.5361328125, 0.501953125, 0.5185546875, 0.5087890625, 0.517578125, 0.5205078125, 0.5009765625, 0.5263671875, 0.515625, 0.5009765625, 0.505859375], "entropy": [0.9991082581888838, 0.9990064000837202, 0.9998238825959875, 0.9997248102580842, 0.9998238825959875, 0.9994605951751857, 0.9987861499393461, 0.9997770990017212, 0.9999972482729513, 0.9979930635667161, 0.9999009357227437, 0.9998238825959875, 0.9999972482729513, 0.9973539766854365, 0.9992954443592694, 0.999975234353679, 0.9999559719906115, 0.999975234353679, 0.9988990309409242, 0.9968166668359455, 0.9976845624697851, 0.9999312058432916, 0.9997770990017212, 0.9997770990017212, 0.9976845624697851, 0.9968166668359455, 0.9998238825959875, 0.9996037156839629, 0.9995349089288796, 0.9999972482729513, 0.9994605951751857, 0.998667756215461, 0.9992954443592694, 0.9988990309409242, 0.9960228568287681, 0.9996670159659137, 0.9997248102580842, 0.9999559719906115, 0.9999009357227437, 0.9999009357227437, 0.9991082581888838, 0.9971803988913788, 0.9997770990017212, 0.9999999999971146, 0.99827948943826, 0.9992046060352292, 0.9997770990017212, 0.9998651613979794, 0.9995349089288796, 0.9984144269345614, 0.9996670159659137, 0.9997248102580842, 0.999380773855251, 0.9999559719906115, 0.9998651613979794, 0.999380773855251, 0.9997248102580842, 0.999380773855251, 0.9996037156839629, 0.9999972482729513, 0.998667756215461, 0.999380773855251, 0.9992954443592694, 0.9998238825959875, 0.9999999999971146, 0.9998651613979794, 0.9996037156839629, 0.9998651613979794, 0.999975234353679, 0.999380773855251, 0.9999312058432916, 0.9997248102580842, 0.9979930635667161, 0.9996670159659137, 0.9999009357227437, 0.999975234353679, 0.9987861499393461, 0.9985438488633307, 0.9970012960667751, 0.9999312058432916, 0.999975234353679, 0.99827948943826, 0.9997770990017212, 0.9999889930794672, 0.9994605951751857, 0.9987861499393461, 0.999380773855251, 0.9999999999971146, 0.9994605951751857, 0.999975234353679, 0.9999999999971146, 0.9990064000837202, 0.9999559719906115, 0.999975234353679, 0.9999009357227437, 0.9994605951751857, 0.9995349089288796, 0.9994605951751857, 0.9992046060352292, 0.9997770990017212, 0.9999559719906115, 0.9999972482729513, 0.9988990309409242, 0.9998651613979794, 0.9997248102580842, 0.9973539766854365, 0.9987861499393461, 0.9997770990017212, 0.9997770990017212, 0.998667756215461, 0.9995349089288796, 0.9997248102580842, 0.9999312058432916, 0.9997248102580842, 0.9998238825959875, 0.9999559719906115, 0.9999999999971146, 0.9998238825959875, 0.9999559719906115, 0.9978415729967705, 0.9999312058432916, 0.9988990309409242, 0.9970012960667751, 0.9999559719906115, 0.9978415729967705, 0.9998238825959875, 0.9999889930794672, 0.9999312058432916, 0.9991082581888838, 0.9996037156839629, 0.996229606303217, 0.9990064000837202, 0.9998238825959875, 0.9999312058432916, 0.9996670159659137, 0.9999559719906115, 0.9994605951751857, 0.9992046060352292, 0.9999009357227437, 0.99827948943826, 0.9995349089288796, 0.9999889930794672, 0.9999559719906115, 0.9999889930794672, 0.9958105734226598, 0.9998651613979794, 0.9994605951751857, 0.99827948943826, 0.9999009357227437, 0.9970012960667751, 0.999975234353679, 0.9998651613979794, 0.9998651613979794, 0.99827948943826, 0.9994605951751857, 0.9994605951751857, 0.9988990309409242, 0.9998238825959875, 0.9987861499393461, 0.9997248102580842, 0.9998651613979794, 0.9994605951751857, 0.9988990309409242, 0.9999999999971146, 0.9996670159659137, 0.9997770990017212, 0.9979930635667161, 0.998667756215461, 0.9992954443592694, 0.9999559719906115, 0.998667756215461, 0.9999009357227437, 0.9994605951751857, 0.9987861499393461, 0.9991082581888838, 0.9994605951751857, 0.9997248102580842, 0.9996037156839629, 0.9987861499393461, 0.9996670159659137, 0.9994605951751857, 0.9995349089288796, 0.9999009357227437, 0.9996037156839629, 0.9999889930794672, 0.9999559719906115, 0.9979930635667161, 0.9992954443592694, 0.9999889930794672, 0.996229606303217, 0.9999889930794672, 0.9990064000837202, 0.9997770990017212, 0.9991082581888838, 0.9987861499393461, 0.9999972482729513, 0.9979930635667161, 0.9992954443592694, 0.9999972482729513, 0.9999009357227437],