{"cfg": {"N": 1024, "p_conn": 0.02, "field_bits": 1, "device": "cpu", "seed": 12345, "dt": 1.0}, "metrics": {"t": [0, 10, 20, 30, 40, 50, 60, 70, 80, 90, 100, 110, 120, 130, 140, 150, 160, 170, 180, 190, 200, 210, 220, 230, 240, 250, 260, 270, 280, 290, 300, 310, 320, 330, 340, 350, 360, 370, 380, 390, 400, 410, 420, 430, 440, 450, 460, 470, 480, 490], "sync": [0.517578125, 0.5078125, 0.5009765625, 0.5390625, 0.51171875, 0.5205078125, 0.5166015625, 0.50390625, 0.5234375, 0.501953125, 0.5244140625, 0.5048828125, 0.5029296875, 0.5068359375, 0.51953125, 0.515625, 0.5029296875, 0.5107421875, 0.5205078125, 0.501953125, 0.50390625, 0.509765625, 0.525390625, 0.509765625, 0.5166015625, 0.505859375, 0.515625, 0.5029296875, 0.505859375, 0.51171875, 0.50390625, 0.5107421875, 0.5205078125, 0.51171875, 0.5146484375, 0.5341796875, 0.5625, 0.505859375, 0.521484375, 0.5009765625, 0.51953125, 0.5166015625, 0.5009765625, 0.5263671875, 0.5107421875, 0.505859375, 0.5166015625, 0.5341796875, 0.5234375, 0.513671875], "entropy": [0.9991082581888838, 0.9998238825959875, 0.9999972482729513, 0.9955927544499092, 0.9996037156839629, 0.9987861499393461, 0.9992046060352292, 0.9999559719906115, 0.9984144269345614, 0.9999889930794672, 0.99827948943826, 0.9999312058432916, 0.999975234353679, 0.9998651613979794, 0.9988990309409242, 0.9992954443592694, 0.999975234353679, 0.9996670159659137, 0.9987861499393461, 0.9999889930794672, 0.9999559719906115, 0.9997248102580842, 0.9981390353409885, 0.9997248102580842, 0.9992046060352292, 0.9999009357227437, 0.9992954443592694, 0.999975234353679, 0.9999009357227437, 0.9996037156839629, 0.9999559719906115, 0.9996670159659137, 0.9987861499393461, 0.9996037156839629, 0.999380773855251, 0.996626509780164, 0.9886994082856122, 0.9999009357227437, 0.998667756215461, 0.9999972482729513, 0.9988990309409242, 0.9992046060352292, 0.9999972482729513, 0.9979930635667161, 0.9996670159659137, 0.9999009357227437, 0.9992046060352292, 0.996626509780164, 0.9984144269345614, 0.9994605951751857], "lz": [1.0, 1.0, 1.0, 1.0, 0.984375, 1.0, 1.0, 1.0, 1.0, 1.0, 1.0, 1.0, 1.0, 1.0, 1.0, 1.0, 1.0, 1.0, 1.0, 1.0, 1.0, 1.0, 1.0, 1.0, 1.0, 1.0, 1.0, 1.0, 1.0, 1.0, 1.0, 1.0, 1.0, 1.0, 1.0, 1.0, 1.0, 1.0, 1.0, 1.0, 1.0, 1.0, 1.0, 1.0, 1.0, 1.0, 1.0, 1.0, 1.0, 1.0], "phi": [0.00020413567070720617, 0.0015741499656596325, 0.009076098379289466, 0.0006317668850401859, 4.7610625399041595e-05, 0.0019908399180477154, 9.560883620363114e-06, 0.0010230990515998073, 0.00022861254792583274, 0.002824178758809248, 0.0001404246758687222, 0.0058218552883053665, 0.002195849462366839, 0.000834942084391388, 0.002046874352734429, 0.004335219863730533, 0.0011537900905203013, 0.0018367980494671254, 0.00012643591803596088, 5.031037182035014e-05, 0.0012086638384969373, 1.3621139771657909e-08, 0.0003230650544592262, 0.0016087917956639775, 0.00011710550273424936, 0.0017363994764023616, 0.00042613607747643556, 1.1888901229495374e-05, 8.730606313456235e-07, 5.0310371820572186e-05, 0.00020413567070698413, 0.00022494529518102269, 0.0023535913479566517, 0.0001554320276206944, 0.0009281056059893267, 0.00015810034492202973, 0.002419007024666353, 0.00039650221812470576, 0.00020484903702078228, 0.0005150700228913063, 9.483471989923942e-07, 9.712120169202976e-06, 9.958856424718832e-05, 2.814100060222202e-05, 0.0010948284205580805, 0.000162912817379679, 0.0019143383512818524, 8.223741287949338e-08, 0.00014580879118897272, 2.937778374056954e-05], "pca_sv": [0.0, 0.0, 0.0, 0.0, 0.3474993109703064, 0.26258185505867004, 0.2177078276872635, 0.18157513439655304, 0.16105985641479492, 0.14045459032058716, 0.12847140431404114, 0.11728210747241974, 0.10696691274642944, 0.09812543541193008, 0.09141038358211517, 0.0860467329621315, 0.08241735398769379, 0.08560516685247421, 0.0855550765991211, 0.08528875559568405, 0.08543086796998978, 0.08614400774240494, 0.0857483297586441, 0.08630843460559845, 0.08334790915250778, 0.08088161051273346, 0.08177022635936737, 0.08214624226093292, 0.08063604682683945, 0.0802493542432785, 0.08029436320066452, 0.07897515594959259, 0.07975507527589798, 0.07894225418567657, 0.07850869745016098, 0.07840344309806824, 0.07818977534770966, 0.07836125046014786, 0.0822523832321167, 0.08239610493183136, 0.08087171614170074, 0.07937086373567581, 0.07949245721101761, 0.07898393273353577, 0.08033911883831024, 0.0819752886891365, 0.0816020518541336, 0.07969370484352112, 0.0805709958076477, 0.08057572692632675]}, "tc": null}