{"memory_persistence": 11.475790023803711, "integration": 1.0, "metacog_acc": 1.0, "metacog_conf": 0.887860717981984}