{"t": [0, 10, 20, 30, 40, 50, 60, 70, 80, 90, 100, 110, 120, 130, 140, 150, 160, 170, 180, 190, 200, 210, 220, 230, 240, 250, 260, 270, 280, 290, 300, 310, 320, 330, 340, 350, 360, 370, 380, 390, 400, 410, 420, 430, 440, 450, 460, 470, 480, 490], "sync": [0.505859375, 0.5087890625, 0.5205078125, 0.521484375, 0.5205078125, 0.5146484375, 0.509765625, 0.509765625, 0.517578125, 0.50390625, 0.51953125, 0.5244140625, 0.5126953125, 0.51953125, 0.515625, 0.5029296875, 0.5, 0.5283203125, 0.51953125, 0.5185546875, 0.509765625, 0.51953125, 0.5126953125, 0.5283203125, 0.5029296875, 0.509765625, 0.5146484375, 0.501953125, 0.509765625, 0.5048828125, 0.5126953125, 0.51171875, 0.505859375, 0.5283203125, 0.5087890625, 0.5068359375, 0.5048828125, 0.5078125, 0.541015625, 0.5078125, 0.509765625, 0.5078125, 0.5185546875, 0.5185546875, 0.521484375, 0.5263671875, 0.5205078125, 0.517578125, 0.5048828125, 0.51953125], "entropy": [0.9999009357227437, 0.9997770990017212, 0.9987861499393461, 0.998667756215461, 0.9987861499393461, 0.999380773855251, 0.9997248102580842, 0.9997248102580842, 0.9991082581888838, 0.9999559719906115, 0.9988990309409242, 0.99827948943826, 0.9995349089288796, 0.9988990309409242, 0.9992954443592694, 0.999975234353679, 0.9999999999971146, 0.9976845624697851, 0.9988990309409242, 0.9990064000837202, 0.9997248102580842, 0.9988990309409242, 0.9995349089288796, 0.9976845624697851, 0.999975234353679, 0.9997248102580842, 0.999380773855251, 0.9999889930794672, 0.9997248102580842, 0.9999312058432916, 0.9995349089288796, 0.9996037156839629, 0.9999009357227437, 0.9976845624697851, 0.9997770990017212, 0.9998651613979794, 0.9999312058432916, 0.9998238825959875, 0.9951405030471144, 0.9998238825959875, 0.9997248102580842, 0.9998238825959875, 0.9990064000837202, 0.9990064000837202, 0.998667756215461, 0.9979930635667161, 0.9987861499393461, 0.9991082581888838, 0.9999312058432916, 0.9988990309409242], "lz": [1.0, 1.0, 1.0, 1.0, 1.0, 1.0, 1.0, 1.0, 1.0, 1.0, 1.0, 1.0, 1.0, 1.0, 1.0, 1.0, 1.0, 0.984375, 1.0, 1.0, 1.0, 1.0, 1.0, 1.0, 1.0, 1.0, 1.0, 1.0, 1.0, 1.0, 1.0, 1.0, 1.0, 1.0, 1.0, 1.0, 1.0, 1.0, 1.0, 1.0, 1.0, 1.0, 1.0, 1.0, 1.0, 1.0, 1.0, 1.0, 1.0, 1.0], "phi": [5.411638520036455e-05, 0.000685540755303915, 0.0008158828568045617, 0.0004629234281743333, 0.0005301595849365182, 0.00026053179596430276, 0.00024149554562979958, 0.0, 4.720935587365638e-05, 4.4038758700626346e-05, 0.003700985723753991, 0.0006328997381932489, 8.855518131878348e-05, 0.006217997575127754, 0.004307500469616032, 0.000306820296715582, 0.0027372620714529727, 0.0007722802258269823, 0.000355366925335332, 0.005672499263824626, 0.0, 5.5955937354079666e-05, 0.0003169517364822738, 0.0011591189974278215, 0.00029306183772748184, 9.483471989923942e-07, 0.002410188646783995, 0.004558246975709945, 0.0001230301681949264, 0.0008653469249630952, 0.00011034023597256137, 0.00032026381197103326, 0.0021653299056665354, 0.00025531003967760313, 0.005916416761147625, 0.010379469006157604, 0.00044342474558023426, 1.3621139771657909e-08, 0.0008408211251533793, 0.0001814101025690018, 2.919492287123404e-05, 4.201392405578375e-05, 0.00025091095557128185, 0.0005423944309632667, 0.00036186623993783584, 0.000760542083425797, 0.002401951808971514, 0.000378236990875358, 0.00024812903012860765, 9.483471989923942e-07], "pca_sv": [0.0, 0.0, 0.0, 0.0, 0.34965816140174866, 0.2636197507381439, 0.2164580225944519, 0.1811838299036026, 0.15582172572612762, 0.13767777383327484, 0.12453605234622955, 0.11355771124362946, 0.10739307850599289, 0.10024817287921906, 0.09383542090654373, 0.08782690018415451, 0.0827978253364563, 0.08242730051279068, 0.08197977393865585, 0.08098740130662918, 0.08106156438589096, 0.08066664636135101, 0.08136619627475739, 0.08140172064304352, 0.08198028057813644, 0.0816749706864357, 0.0814666599035263, 0.07843426614999771, 0.08000880479812622, 0.0807856097817421, 0.08055613934993744, 0.08290275931358337, 0.08270513266324997, 0.08280370384454727, 0.08197364956140518, 0.08038176596164703, 0.0804249718785286, 0.08047963678836823, 0.08059026300907135, 0.08267059922218323, 0.08138947933912277, 0.08047148585319519, 0.08163724094629288, 0.0819745883345604, 0.08192655444145203, 0.08244674652814865, 0.08265295624732971, 0.0824141651391983, 0.0817340835928917, 0.08012893050909042]}